rank,sequence,length,predicted_mic,confidence,synthesis_grade,difficulty,coupling,aggregation,racemization,cost,cost_per_mg,net_charge,hydrophobicity,n_difficult_motifs,scale_factor
1,FSESQSQN,8,-0.09815087169408798,Unknown,DIFFICULT,1.0,0.7136427481979999,0.08875,0.01875,16.0,2.0,-1,-1.7000000000000002,0,1.0
2,FSESQSQN,8,-0.09815087169408798,Unknown,DIFFICULT,1.0,0.7136427481979999,0.08875,0.01875,16.0,2.0,-1,-1.7000000000000002,0,1.0
3,FSESQSQN,8,-0.09815087169408798,Unknown,DIFFICULT,1.0,0.7136427481979999,0.08875,0.01875,16.0,2.0,-1,-1.7000000000000002,0,1.0
4,FSESQSQN,8,-0.09815087169408798,Unknown,DIFFICULT,1.0,0.7136427481979999,0.08875,0.01875,16.0,2.0,-1,-1.7000000000000002,0,1.0
5,FSESQSQN,8,-0.09815087169408798,Unknown,DIFFICULT,1.0,0.7136427481979999,0.08875,0.01875,16.0,2.0,-1,-1.7000000000000002,0,1.0
6,FSEQSNTN,8,-0.09808345139026642,Unknown,DIFFICULT,1.0,0.7137201917951997,0.08875000000000001,0.01875,16.0,2.0,-1,-1.6875,0,1.0
7,FSTQSKQGAADS,12,-0.09677673876285553,Unknown,DIFFICULT,1.0,0.6577516135455104,0.08416666666666667,0.016666666666666666,21.0,1.75,0,-0.9583333333333334,1,1.0
8,FSTQSKQGAADS,12,-0.09677673876285553,Unknown,DIFFICULT,1.0,0.6577516135455104,0.08416666666666667,0.016666666666666666,21.0,1.75,0,-0.9583333333333334,1,1.0
9,FSTQSKQGAADS,12,-0.09677673876285553,Unknown,DIFFICULT,1.0,0.6577516135455104,0.08416666666666667,0.016666666666666666,21.0,1.75,0,-0.9583333333333334,1,1.0
10,AAATSKQSGTQS,12,-0.09174157679080963,Unknown,DIFFICULT,1.0,0.7000303846737438,0.07,0.01583333333333333,19.5,1.625,1,-0.8083333333333335,0,1.0
11,FNNMNTAS,8,-0.09108591079711914,Unknown,DIFFICULT,1.0,0.7206068976353279,0.1,0.0175,16.5,2.0625,0,-0.6875000000000001,0,1.0
12,FNNMNTAS,8,-0.09108591079711914,Unknown,DIFFICULT,1.0,0.7206068976353279,0.1,0.0175,16.5,2.0625,0,-0.6875000000000001,0,1.0
13,FNNMNTAS,8,-0.09108591079711914,Unknown,DIFFICULT,1.0,0.7206068976353279,0.1,0.0175,16.5,2.0625,0,-0.6875000000000001,0,1.0
14,VAQGKSGTNS,10,-0.08717840164899826,Unknown,DIFFICULT,1.0,0.736643887915283,0.07000000000000002,0.014000000000000002,16.0,1.6,1,-0.7999999999999999,0,1.0
15,FSQAQSAGK,9,-0.08635852485895157,Unknown,DIFFICULT,1.0,0.7514344491956279,0.09222222222222223,0.014444444444444446,15.5,1.7222222222222223,1,-0.7222222222222222,0,1.0
16,FSKSGTQS,8,-0.08601702749729156,Unknown,DIFFICULT,1.0,0.7515191887948799,0.08499999999999999,0.01625,14.5,1.8125,1,-1.0125,0,1.0
17,FSKSGTQS,8,-0.08601702749729156,Unknown,DIFFICULT,1.0,0.7515191887948799,0.08499999999999999,0.01625,14.5,1.8125,1,-1.0125,0,1.0
18,AAATSKQDS,9,-0.08411413431167603,Unknown,DIFFICULT,1.0,0.7513511877608139,0.07333333333333335,0.017777777777777778,14.5,1.6111111111111112,0,-0.8666666666666667,1,1.0
19,LAKSGTQS,8,-0.08341172337532043,Unknown,DIFFICULT,1.0,0.7831621020072959,0.07875,0.015000000000000001,13.0,1.625,1,-0.5625,0,1.0
20,LAKSGTQS,8,-0.08341172337532043,Unknown,DIFFICULT,1.0,0.7831621020072959,0.07875,0.015000000000000001,13.0,1.625,1,-0.5625,0,1.0
21,LAKSGTQS,8,-0.08341172337532043,Unknown,DIFFICULT,1.0,0.7831621020072959,0.07875,0.015000000000000001,13.0,1.625,1,-0.5625,0,1.0
22,AAAASGSGKTQS,12,-0.08221539855003357,Unknown,DIFFICULT,1.0,0.7523023903714213,0.06666666666666667,0.013333333333333334,17.0,1.4166666666666667,1,-0.3416666666666666,0,1.0
23,AAASAKSGTQS,11,-0.07657021284103394,Unknown,DIFFICULT,1.0,0.759901404415577,0.07090909090909092,0.014545454545454545,16.0,1.4545454545454546,1,-0.3363636363636363,0,1.0
24,AAASAKSGTQS,11,-0.07657021284103394,Unknown,DIFFICULT,1.0,0.759901404415577,0.07090909090909092,0.014545454545454545,16.0,1.4545454545454546,1,-0.3363636363636363,0,1.0
25,AAASAGTQS,9,-0.07176614552736282,Unknown,DIFFICULT,1.0,0.8160453226112296,0.07555555555555556,0.013333333333333334,12.5,1.3888888888888888,0,0.11111111111111109,0,1.0
26,AQAGAADS,8,-0.05467751622200012,Unknown,DIFFICULT,1.0,0.823757091123879,0.07500000000000001,0.01375,11.0,1.375,-1,-0.12500000000000003,1,1.0
27,LAKSGTGSGKAGAL,14,-0.027990400791168213,Unknown,DIFFICULT,1.0,0.7300405747944515,0.07571428571428572,0.010714285714285716,19.0,1.3571428571428572,2,0.09285714285714278,0,1.0
28,LAKSGTGSGKAGAL,14,-0.027990400791168213,Unknown,DIFFICULT,1.0,0.7300405747944515,0.07571428571428572,0.010714285714285716,19.0,1.3571428571428572,2,0.09285714285714278,0,1.0
29,AAAASGKASAGAADS,15,0.01329629123210907,Unknown,DIFFICULT,1.0,0.7448455636337663,0.07266666666666667,0.012666666666666666,18.5,1.2333333333333334,0,0.2533333333333333,1,1.0
30,AAAASTTGAALK,12,0.01901140809059143,Unknown,DIFFICULT,1.0,0.7758960301779695,0.09000000000000001,0.012499999999999999,16.0,1.3333333333333333,1,0.6749999999999999,0,1.0
31,AAAASGKAQS,10,0.027580931782722473,Unknown,DIFFICULT,1.0,0.8078848693851175,0.075,0.013000000000000001,13.5,1.35,1,-0.039999999999999966,0,1.0
32,AAAASGKAQS,10,0.027580931782722473,Unknown,DIFFICULT,1.0,0.8078848693851175,0.075,0.013000000000000001,13.5,1.35,1,-0.039999999999999966,0,1.0
33,AAAASGKAQS,10,0.027580931782722473,Unknown,DIFFICULT,1.0,0.8078848693851175,0.075,0.013000000000000001,13.5,1.35,1,-0.039999999999999966,0,1.0
34,AAASAGAADS,10,0.042238473892211914,Unknown,DIFFICULT,1.0,0.8243614686949454,0.07700000000000001,0.013000000000000001,12.0,1.2,-1,0.53,1,1.0
35,AAASAGAADS,10,0.042238473892211914,Unknown,DIFFICULT,1.0,0.8243614686949454,0.07700000000000001,0.013000000000000001,12.0,1.2,-1,0.53,1,1.0
36,AAASAGAADS,10,0.042238473892211914,Unknown,DIFFICULT,1.0,0.8243614686949454,0.07700000000000001,0.013000000000000001,12.0,1.2,-1,0.53,1,1.0
37,AAASGKAGK,9,0.06655213236808777,Unknown,DIFFICULT,1.0,0.8416380625173225,0.06555555555555556,0.011111111111111112,11.5,1.2777777777777777,2,-0.24444444444444435,0,1.0
38,AAASGKAGK,9,0.06655213236808777,Unknown,DIFFICULT,1.0,0.8416380625173225,0.06555555555555556,0.011111111111111112,11.5,1.2777777777777777,2,-0.24444444444444435,0,1.0
39,AAASGKAGK,9,0.06655213236808777,Unknown,DIFFICULT,1.0,0.8416380625173225,0.06555555555555556,0.011111111111111112,11.5,1.2777777777777777,2,-0.24444444444444435,0,1.0
40,AAAASGAGK,9,0.08468830585479736,Unknown,DIFFICULT,1.0,0.867939251970989,0.07111111111111112,0.01,10.5,1.1666666666666667,1,0.38888888888888884,0,1.0
